,x_point,y_point,x_end_point,y_end_point,crossed_line
0,3.5864,2.4091,4.586228820690573,2.4276021435649735,1.0
1,2.6395,3.9881,2.0541588908325914,4.79888713970972,0.0
2,2.8803,2.1044,3.872573196425315,1.9803278288418855,1.0
3,3.9654,1.703,2.9900002186922094,1.4825566589240788,1.0
4,1.8098,2.7313,0.812717105704998,2.807626285801825,1.0
5,2.2835,2.7256,1.7496258066996992,1.8800360782720487,1.0
6,3.2949,2.2177,4.253164819966522,1.931817970458917,1.0
7,1.3382,1.5322,1.1108436917695337,2.5060116394394827,0.0
8,3.6828,3.8525,3.8070915795755114,4.844745737328523,0.0
9,3.4517,3.7891,3.3342492878830736,4.782178713004778,0.0
10,1.719,3.701,0.9340920337279646,4.320612366308724,1.0
11,3.1529,3.1722,2.562512079621756,3.9793196339276187,1.0
12,2.8152,1.233,1.9727343771734471,1.7717501038101697,1.0
13,1.7641,3.8863,2.138944079843979,2.9592121315614572,1.0
14,3.2146,3.6121,2.614482324732234,4.412011730024765,1.0
15,2.1415,3.5652,3.1274707420591037,3.73211823088992,1.0
16,1.4897,3.4477,0.5271830346670615,3.176478519570682,1.0
17,2.3453,2.5416,2.774779296078879,1.638523295483938,0.0
18,1.839,3.7834,2.5896631000738717,4.444085182358045,1.0
19,3.3861,3.7069,4.198492872498659,3.1237895295800486,1.0
20,2.1241,2.6463,2.623012835897643,1.7796478309168253,0.0
21,2.7678,1.0181,2.272398593708927,0.14943582631443386,0.0
22,1.1419,3.4914,0.39759064077716866,4.159234992923625,1.0
23,1.8252,2.647,0.8679185396899906,2.936157752354551,1.0
24,1.5449,1.6998,1.0205284630806446,2.55128957202589,0.0
25,2.7946,3.5173,3.759318264513483,3.2540156098168875,1.0
26,3.4661,2.0273,4.441158067363246,1.8053500838705916,1.0
27,2.0277,1.4592,1.9470903090345975,2.455945743769424,1.0
28,1.7131,2.2662,2.388095586115438,3.004021766231301,1.0
29,1.2508,3.3824,0.5101022554349494,4.054238411521883,1.0
30,1.4728,3.918,0.7748705834654654,3.201833448466236,1.0
31,2.6216,1.9185,1.650710592686207,2.158028200356183,1.0
32,3.7773,1.5279,3.3021757622374475,0.6479812772246784,0.0
33,3.147,1.652,2.459267423777348,2.377964120051504,1.0
34,1.3741,2.1314,2.3394229833181197,2.392458495126678,1.0
35,3.4758,3.5086,4.021214207062522,2.6704333442958017,1.0
36,2.0587,1.218,1.761652401980474,2.1728626731163128,1.0
37,1.1781,3.6333,2.0245302993620227,3.1008004710594417,1.0
38,2.1003,2.6373,2.841376245201487,1.9658791194801393,0.0
39,3.7214,3.077,3.8849586019383353,2.0904663798268315,0.0
40,2.6157,1.3917,2.074556228118335,0.5507699088784581,0.0
41,3.9161,2.2886,4.8935181189370915,2.0772854932252,1.0
42,2.5588,3.8853,1.869971567543324,3.1603755966038403,1.0
43,1.2442,2.6777,0.5903332624422146,1.9210902660449456,1.0
44,3.1661,1.4215,4.165637490972793,1.391089407440602,1.0
45,1.2654,2.7758,1.1808576702289248,3.7722198886397633,0.0
46,3.6598,1.3653,4.644826585761544,1.537702509677078,1.0
47,2.4599,3.799,2.9289550180204107,2.9158310523632114,0.0
48,1.1917,2.325,0.45974481384782895,3.0063527760748765,1.0
49,1.2339,2.1135,2.2336786211356485,2.1345406444792236,1.0
50,2.306,1.2454,1.349610966560542,0.9533040967135296,1.0
51,1.4433,2.912,1.5294192539278593,1.915715164170954,0.0
52,3.279,2.0632,3.02026427267019,1.0972518526322885,0.0
53,1.5419,2.0386,2.465251402477991,2.422555970837709,1.0
54,1.1197,2.834,0.9186384963910065,1.8544213805076744,1.0
55,1.7935,1.6223,2.7549365251170626,1.3472730773709085,1.0
56,2.2283,3.1308,2.6268429032071308,2.213650309762233,0.0
57,2.9217,3.8328,3.8480004645860117,3.4560143191312354,1.0
58,3.1134,2.7025,3.4232065279848447,1.751700381143337,0.0
59,1.884,1.7636,0.928457393112781,2.0584530590364936,1.0
60,3.4765,3.2989,3.0599144413617987,2.389803485688072,0.0
61,1.4576,2.9103,2.1631595922579523,2.201649407837126,1.0
62,1.7051,3.337,0.9070153698301762,3.9395453701479215,1.0
63,1.7947,3.8622,1.691900115990249,2.867497942171837,0.0
64,1.0108,1.5422,1.92266088517988,1.1317006381503558,0.0
65,3.0826,3.5118,2.4240058997742198,4.2642983794984515,1.0
66,1.9048,1.3978,1.087966684829935,1.9746737602181963,0.0
67,3.1533,2.6268,3.7551570247945163,3.4254038578077948,0.0
68,2.7017,1.2427,2.6681835386339965,2.2421381655797927,0.0
69,3.0766,1.988,2.7133541688269016,1.0563066673334165,1.0
70,3.0287,2.5913,3.6819117116924343,1.834124683638036,0.0
71,2.036,2.7113,1.7484008581210708,1.7535491275960624,1.0
72,2.4263,2.9112,3.024354269677809,2.1097443926703474,1.0
73,1.8335,2.6398,2.4258066682292014,3.4455126105325786,1.0
74,2.7027,3.6515,1.8335420685916706,3.1569653801097504,1.0
75,1.6915,3.2653,1.3972171719275372,4.221018377505462,0.0
76,1.1621,2.343,2.13943927250187,2.554678875718659,1.0
77,1.0292,2.3762,1.9391431773160144,1.9614670569438255,0.0
78,1.907,2.8954,2.38752979264639,3.7723784024588163,1.0
79,2.9737,2.7097,3.7296266921124595,2.05504372671461,1.0
80,1.8307,2.336,1.2681677210836921,1.5092246767245496,0.0
81,3.1879,3.3042,2.8238588450628344,2.372817136988223,1.0
82,3.5482,2.8831,2.6093167397139982,2.538864290703699,1.0
83,1.7491,1.9957,1.8065618129492345,0.9973522950131116,0.0
84,1.4291,2.5308,0.6191679331535679,1.9442763030415,1.0
85,2.1594,1.6125,1.4970062286628574,2.36165585273944,1.0
86,2.0354,1.9779,2.4341913932177754,2.8949416700976167,0.0
87,2.3096,2.7356,1.6044960755927122,2.0264960190596573,1.0
88,1.3622,2.9099,0.3948534610996449,2.6564425604218656,1.0
89,1.9129,1.5182,1.9827078651825876,2.5157604552901294,0.0
90,3.4575,3.1347,2.639409935128703,3.7097901196846257,1.0
91,1.8585,1.7619,2.0293159957318934,0.7765970538955433,1.0
92,3.4094,2.2956,3.7596087925967434,3.2322716615698006,0.0
93,2.7718,1.2202,3.20222622264319,2.1228257623517703,1.0
94,1.4045,1.8599,0.4142018481631363,1.7209411195047541,1.0
95,2.8173,3.2259,1.8400272961667106,3.013914004372053,1.0
96,2.1077,2.1798,1.2940204553665025,1.5984863164822078,1.0
97,1.7005,1.9546,2.696072881323937,1.860607245107116,1.0
98,1.5869,1.7049,2.553853225417214,1.9598538386752526,1.0
99,2.4922,1.3907,1.605898278174883,1.8538082572032515,1.0
100,3.8304,1.1281,4.764803343446079,0.7718832236449433,1.0
101,1.5884,1.4912,2.529252735422611,1.830015776267562,1.0
102,2.7298,1.6238,3.144730670208176,2.533653031494974,1.0
103,1.5683,1.1764,1.2513751638338642,0.22794934328607896,0.0
104,2.7187,1.5682,3.6398083949981457,1.1788937906172825,1.0
105,2.819,2.4729,2.6057305279519585,3.449893414661711,0.0
106,3.9964,1.1159,3.4703792074568067,0.2654282921741422,0.0
107,2.6298,1.5975,1.7971700335010927,2.151329702063756,1.0
108,3.0778,3.5101,2.5005727313535098,2.6935164584496496,1.0
109,1.2812,2.2381,0.5188533618186877,2.8852689140044134,1.0
110,1.2336,2.6268,0.368283825065264,2.1255735866932812,1.0
111,3.6812,2.3805,3.4344952635512986,3.349590693905259,0.0
112,3.0601,3.6533,2.5110043477697976,2.817540486322837,1.0
113,2.2602,3.2548,1.2602329788703672,3.2466786298490904,1.0
114,1.742,2.6869,0.8436354857425377,3.1261507251251315,1.0
115,2.5652,3.3101,1.6103842137659472,3.607298274487332,1.0
116,3.7382,2.2238,2.9211204413209124,1.6472750701064287,1.0
117,2.9234,1.2349,2.946805525702655,0.2351739468401446,0.0
118,1.2026,1.664,1.89569939423463,2.3848420282638827,0.0
119,1.6674,2.4639,1.9022265835920638,1.4918627190079183,0.0
120,3.6838,1.3336,3.833943560547411,0.34493579450546186,0.0
121,2.444,2.5385,2.1660681389716294,3.499100791497335,0.0
122,3.5341,3.1106,3.378036554441486,2.122852967121437,0.0
123,2.043,3.3264,1.3544032120756684,2.601255556692122,1.0
124,1.1967,2.077,2.1056982182758692,2.4937999990058723,1.0
125,2.6326,3.357,2.958929203509179,4.302256182702375,0.0
126,1.6426,3.6098,1.781599063268625,2.619507487451084,0.0
127,3.4941,3.416,3.837438910398485,4.355211580319568,0.0
128,2.2893,1.938,3.266721384243091,1.7267005971983833,1.0
129,3.2703,1.5022,4.2310943880287875,1.2249381311244032,1.0
130,2.1719,2.6776,1.8160505501648216,3.6121432943700365,1.0
131,2.8079,1.9981,3.8038343611060608,2.088181898116454,1.0
132,3.6681,2.4805,3.735705219454624,3.4782121500224865,0.0
133,3.462,3.4896,4.3157994023412005,4.010202132690415,1.0
134,2.8344,1.4528,2.1878646925794927,0.6899159352439781,0.0
135,3.9273,1.6277,4.582097527724461,0.871895661770896,1.0
136,2.1652,2.78,2.046235827684008,1.7871014524609419,0.0
137,1.4509,2.1213,2.1862316400617194,1.443592556390192,1.0
138,3.693,2.5277,4.39100488660598,3.2437929955488825,1.0
139,1.0965,2.7363,0.10775074624185876,2.885882462851494,1.0
140,3.0447,3.838,3.836493956379534,3.2272117137331096,0.0
141,3.5924,1.3337,3.9203484628336187,0.3890043846163641,0.0
142,3.494,2.8068,4.428160423939495,2.4499466654980186,1.0
143,1.949,1.1855,2.3853585467310547,0.28572712938499745,1.0
144,3.4579,1.7899,3.569240453991683,0.7961176781080649,0.0
145,2.0343,3.2081,1.989589943854356,4.207100005445172,1.0
146,1.6983,3.4889,2.576021230968088,3.96807161926377,1.0
147,2.0435,2.8573,2.6142777680062554,3.6784045850254383,0.0
148,3.3206,3.9692,4.268266970541952,3.649939427827615,1.0
149,3.729,2.6054,4.71975787859853,2.4697577278465874,1.0
150,2.187,2.0213,3.1835119939474357,2.104749660987363,1.0
151,2.4486,1.8452,2.987651409104358,1.0029271354587006,0.0
152,3.3857,2.529,2.5220338202436956,3.033064212124954,1.0
153,2.0002,1.5859,1.1977570539096891,0.9891711518035161,1.0
154,3.2017,3.4675,4.001397762122865,2.8670972274750213,1.0
155,3.7942,3.2444,4.369579585144271,2.42651349626051,1.0
156,1.1048,2.0479,1.966548568284482,2.5552355941185727,0.0
157,2.28,3.4343,3.131603396347804,2.9101133392303034,1.0
158,3.7983,1.0988,2.938650661117305,1.6096845409273466,1.0
159,3.6452,1.6827,2.8682776614865113,1.0531035578890777,1.0
160,3.7946,2.7385,2.8010081842475523,2.8515278889024915,1.0
161,1.0442,1.7261,0.608893567273829,2.6263823499476238,1.0
162,2.2585,3.5972,1.9032019655896768,4.531953072604825,1.0
163,3.3763,1.5699,3.7296306155718213,2.5053985174224693,0.0
164,1.2894,2.163,2.285944397777215,2.079938196149805,1.0
165,1.8563,3.6013,1.2464757047341897,4.393836641994273,0.0
166,2.2634,3.2697,3.258212612555197,3.1679755393177067,1.0
167,3.5182,3.859,3.116992599447693,4.774987238853282,0.0
168,1.6536,1.142,1.0230336411154761,1.9181353406739792,0.0
169,3.6702,2.14,3.587717255300281,1.143407507139051,0.0
170,3.574,2.929,2.6899395916962385,2.4616273494632073,1.0
171,1.0804,3.7977,1.8225948674261576,4.467884137954837,0.0
172,3.7561,1.9147,3.75686554753836,0.9147002930315598,0.0
173,2.21,1.1492,2.4233824070938974,2.12616875504942,0.0
174,3.165,1.2376,2.2366723557440618,1.609363076313692,1.0
175,2.4756,2.4716,2.1342505949428188,3.4115364785277293,0.0
176,3.6523,1.733,2.807792291196807,2.2685433967214816,1.0
177,3.6608,2.125,3.8425299006429623,1.1416515148675423,0.0
178,3.2375,3.1365,2.7800147507250794,4.025717210076292,1.0
179,3.8007,3.7824,2.822115486932168,3.576554546361124,1.0
180,2.3628,1.9998,3.3416760606808107,2.2042545373084628,1.0
181,2.4814,1.3711,1.5270303476140872,1.6697278061480412,1.0
182,2.1505,2.3918,2.413838442415619,1.427096488683639,0.0
183,1.1948,3.2039,2.161222454400576,2.9469415604998206,1.0
184,3.83,3.4965,2.918263378485029,3.907275282835356,1.0
185,3.7484,3.3011,4.727578293189509,3.098097856793384,1.0
186,3.8386,2.7553,4.510509155990089,3.4959335707329817,1.0
187,3.7646,2.461,2.8455723372216273,2.855193042871283,1.0
188,1.9639,2.4966,1.456868156284242,1.6346726773919977,0.0
189,2.7768,2.0881,1.7929017530776534,1.9093704845216304,1.0
190,2.0565,1.322,2.854159991292249,1.9251074019539551,0.0
191,1.8433,3.0628,0.8960990743796584,3.383440618924004,1.0
192,3.7889,1.7086,2.9818183490704318,2.2990398434496124,1.0
193,2.0806,3.181,2.925536887864032,3.7158660164252764,0.0
194,2.2803,2.5919,2.688713141760881,1.6791028124292853,0.0
195,3.7899,3.326,4.005812427275852,2.3495872677254512,1.0
196,3.9021,2.8128,3.7132018254641084,1.8308033199358524,0.0
197,2.6112,3.0924,1.6353252360517851,3.3107310447211193,1.0
198,1.5053,2.8276,1.7440741619376046,3.798675125616445,0.0
199,3.4755,3.1842,2.756985946113266,3.879712440124008,1.0
200,3.3834,3.5034,4.317631367953553,3.860067563890568,1.0
201,1.2326,3.4698,2.2321310590677066,3.439178733550215,1.0
202,1.5196,1.897,1.9479177609694884,0.9933718156021891,0.0
203,3.2256,3.9093,2.463220406052002,4.556430091041736,1.0
204,3.3358,2.9516,2.336415134065267,2.9866697838689653,1.0
205,3.5227,3.3464,2.778448794199935,2.6785002001309257,1.0
206,3.6918,3.5939,3.0413662345000363,2.834337022559987,0.0
207,2.0684,1.6954,1.6956929170753605,0.767450954880708,1.0
208,2.926,2.6797,3.9016198581849597,2.8991672921306484,1.0
209,3.9799,1.5799,3.9298975938690353,2.5786490973117893,0.0
210,1.5087,3.4912,1.437835179208829,4.488685928308883,0.0
211,2.9579,3.9771,3.8157058089248133,4.491073923633142,1.0
212,1.0275,3.396,0.973726897615738,4.394553180086054,1.0
213,1.5702,3.9318,1.8163968309270928,2.9625801485517043,0.0
214,3.3976,3.5654,3.9708416562966757,4.384786357883901,0.0
215,2.4192,1.5612,2.7458448953483705,2.5063471379329525,0.0
216,1.4779,3.4162,1.1341502421555503,2.477138711274987,0.0
217,3.4015,1.8609,3.557704929636786,0.8731753319081442,0.0
218,3.5823,1.651,2.587799406797249,1.7557309415568136,1.0
219,1.1572,2.0552,0.4724984052656992,1.326376478035797,1.0
220,2.9353,1.2211,1.990300326722457,1.5481712728218997,1.0
221,2.3833,3.298,1.3863977377077112,3.3766503619604915,1.0
222,1.8419,2.8708,2.6089023190154874,2.229155672802397,1.0
223,1.2143,1.7681,1.64718862778708,0.8666525883710027,0.0
224,3.6425,3.3345,3.982179885683488,4.275041107693891,0.0
225,2.5791,3.5748,2.7077322101835817,2.5831076311157344,0.0
226,2.7261,3.3853,1.8627694180532859,2.8806612120778388,1.0
227,1.3715,1.336,1.4395837325082692,0.33832038941965825,0.0
228,1.0291,1.5461,0.5409565842310655,2.418863430513354,1.0
229,1.898,2.9865,2.402148349175148,3.850117069090215,1.0
230,2.5872,3.7807,1.5961272585394224,3.914022245457444,1.0
231,1.3377,2.5262,1.5092887526354426,1.5410313342533608,0.0
232,3.0306,3.8798,2.293893227979246,4.556012342433026,1.0
233,1.8842,2.2013,2.880679981766172,2.1174689440643295,1.0
234,3.7482,3.3073,4.262257898549646,2.449544512148875,1.0
235,3.8052,1.5011,4.215167531140002,0.5889998830112064,1.0
236,2.5499,1.1895,2.490133673277459,2.187712395329819,0.0
237,1.6373,1.4129,2.4907546850394926,0.8917329436887432,1.0
238,2.117,1.5333,1.7852131225080665,2.476654370278822,1.0
239,1.4388,2.7821,1.2719907110052038,3.7680891789999778,0.0
240,3.8023,1.9015,3.005183951250457,1.297673862087839,0.0
241,1.4218,3.9098,1.2062799142211695,4.886299407386346,0.0
242,1.4868,2.4721,0.5509835029204577,2.824587565445613,1.0
243,2.1982,2.2988,3.1825421617088248,2.475068286093663,1.0
244,3.0833,2.1557,3.591693325624569,1.2945750227403743,0.0
245,3.5786,1.4277,3.6130769731065415,0.42829450755691223,0.0
246,3.054,1.4072,3.546193791692823,2.2776856526210194,0.0
247,3.8408,3.5775,2.842688813032983,3.5160666340553273,1.0
248,1.4898,2.6125,2.293006436142999,3.2082007813814437,1.0
249,1.4046,2.4907,0.7486239920377934,1.735918258714503,1.0
250,1.7227,2.045,0.8844597210354275,1.4996989503756701,1.0
251,1.4172,1.0457,2.375821654326128,1.3303831991126933,1.0
252,3.0075,1.691,3.948149538707159,1.3516204995436385,0.0
253,1.5074,1.3699,1.4686303465432669,0.3706518256354706,0.0
254,3.7595,1.024,2.760244984138639,1.0625929174319706,1.0
255,2.0327,3.9875,1.193389069836215,3.443848307730398,1.0
256,1.4979,1.6407,1.8529507270998042,2.575547036250263,0.0
257,2.4383,2.5978,2.8438030723261223,1.6837063186226064,0.0
258,1.5726,1.9142,1.8373410660204903,0.9498804637661152,0.0
259,1.5116,2.6495,2.5106283016273476,2.693573263409664,1.0
260,3.7887,3.4863,4.56653200350163,4.114772254223399,1.0
261,3.3864,2.3009,2.481324181064716,1.8756497654572961,1.0
262,2.4735,2.5893,1.7378474649673141,1.9119409019582134,1.0
263,2.9232,3.2848,3.823998404214165,3.7190375328840366,1.0
264,3.3278,1.2669,3.3232268244620524,0.26691045702192506,0.0
265,1.7906,3.8322,2.77475914871092,3.6549127471909006,1.0
266,1.6148,1.1982,2.456598402316543,0.6584079568414185,1.0
267,1.2541,2.2057,2.0965446062896063,1.6669170331816807,1.0
268,2.2095,3.1582,3.1004523305791745,3.612296844996237,1.0
269,2.1466,3.0117,3.0470120240635636,2.576661855785316,1.0
270,3.4249,2.6641,2.751117123267543,1.9251706156728272,1.0
271,1.9807,1.0734,1.0245319291431052,0.7805815916411596,0.0
272,3.7552,2.4906,3.866504056204444,1.4968136008817399,0.0
273,3.9004,3.0879,4.707781292050531,2.4978699590302074,1.0
274,3.1763,3.2124,2.4324652140093854,3.880763532181624,1.0
275,3.5234,3.3448,3.340230238166663,4.32788129793518,0.0
276,1.4115,2.5901,0.8235830900178506,1.7811786769054476,1.0
277,2.849,2.3264,2.197894670743302,1.5674126152474426,0.0
278,1.1372,3.3115,1.0758306453163164,2.313384875224452,0.0
279,3.7849,3.8555,2.8692493684216114,4.257475025206913,1.0
280,3.966,1.7532,3.8128929840572368,0.7649903857636771,0.0
281,2.9091,2.2841,3.9057302462093793,2.3661253152425052,1.0
282,1.9935,1.7344,2.788299261683035,2.3412724195645263,1.0
283,1.1129,2.7887,0.8233395173044205,3.745859718574232,1.0
284,3.6312,3.0796,4.555830561029432,2.698734767128321,1.0
285,2.9845,1.4818,3.795731026058844,2.0665257667997157,1.0
286,2.1243,2.9194,2.7826522124311386,3.67211001347599,0.0
287,3.1286,2.6203,3.7032855395483804,3.4386743218320004,0.0
288,2.7534,1.2816,3.661931131241878,1.699417165234213,1.0
289,1.8282,2.3021,1.2067243236095182,1.5186665416546257,0.0
290,1.7036,1.0115,1.2585324305155638,1.9069969897175627,0.0
291,2.9304,1.6641,2.7968414078550152,0.6730590813370773,0.0
292,3.3614,1.4118,2.602463194507098,0.7606357156076285,1.0
293,3.429,1.2578,3.6161785591054274,0.27547409328104555,0.0
294,2.069,2.6328,2.376415873962959,3.584375262622768,0.0
295,2.793,3.1499,3.7356544392301507,2.816129707433855,1.0
296,2.1938,1.1577,3.0596067891432908,0.6573215393590712,1.0
297,1.7357,2.7108,2.118939871325849,3.634448851580592,1.0
298,1.7256,2.6444,1.355854619087082,1.7152668807465956,0.0
299,3.3589,2.3878,4.317263709374399,2.673350346793947,1.0
300,1.719,3.4177,2.453358719814175,4.096461571269976,1.0
301,2.4028,1.9175,2.674384478697323,2.8799146044874337,0.0
302,1.0563,2.1277,0.05834263865402067,2.191583526322287,1.0
303,3.5255,1.0636,3.6051867977757674,2.0604199507735808,0.0
304,2.8168,1.7809,3.7344031809231186,2.1783976759174504,1.0
305,2.4407,2.1183,3.325273102632475,1.6518984282839984,1.0
306,3.9122,2.0403,3.101313249613362,1.455096891628728,0.0
307,3.8593,2.127,2.9096761285615713,2.440391931603687,1.0
308,2.6048,1.9912,3.4806302051660944,1.5085806347454374,1.0
309,1.4392,2.7344,2.0884471068374904,1.9738224600587075,1.0
310,2.2873,2.2812,2.3003864081008882,3.2811143692952,0.0
311,2.6503,3.4797,3.031242784819829,2.55510138725298,1.0
312,3.4772,2.2077,4.130679872367746,1.4507561074886501,1.0
313,3.673,2.1317,3.9380692963609873,3.0959293648954542,0.0
314,2.9601,2.8791,1.960102068282312,2.8770661464295952,1.0
315,2.2886,1.3187,2.131555598776505,0.3311084568788806,0.0
316,2.8675,2.3181,2.2537069729350674,3.1075669846969323,0.0
317,2.1568,1.3253,2.3052219561830873,0.3363758760537865,0.0
318,1.5612,2.0038,2.4922776495286687,2.368621066480774,1.0
319,1.2111,1.1794,2.192083384141872,0.9853082690129206,1.0
320,3.6681,3.5593,4.667330618816197,3.520080484192176,1.0
321,2.2821,1.6491,2.6670713144773783,0.7261714615802806,0.0
322,3.3833,2.3407,2.842974462704534,3.1821560676270426,1.0
323,3.732,2.6321,3.1532117636732995,3.4475778828943353,0.0
324,1.9545,3.7437,2.83343423863602,3.2667570221155158,1.0
325,2.5826,1.1463,1.9496331064499086,0.37212113715915274,1.0
326,3.569,3.1873,2.8047240068036485,3.832189297650171,1.0
327,3.4432,1.5651,2.6981515578473867,0.8980896411254442,1.0
328,3.9718,2.3561,3.0172924886051815,2.6542868720967947,0.0
329,1.4182,3.9033,1.3279663629546061,4.8992206247214485,0.0
330,1.4138,3.058,1.215356132158691,4.03811225444649,0.0
331,2.225,2.3549,1.2286648032602012,2.440434646415743,1.0
332,2.7093,1.2138,2.800105047039157,2.2096686878460514,0.0
333,2.2724,2.0811,3.0155545186020536,2.750219840896495,1.0
334,2.4196,3.3362,2.5779840946165673,4.323577576498722,0.0
335,3.4404,1.8684,2.493255385943712,1.547593079775131,1.0
336,1.1636,1.9327,1.3720868164531521,0.9546748227344914,0.0
337,1.184,3.8865,2.073671427558527,3.4298986958122293,1.0
338,1.2428,1.1305,1.7252011231692301,0.2545495696872654,0.0
339,3.8589,2.1201,3.1291967825117832,2.803864004893021,0.0
340,3.6942,2.3715,3.7698499108005206,3.36863443978025,0.0
341,1.5849,1.02,2.3201139315353188,1.6978351384196453,1.0
342,3.3984,3.8756,2.3997479011451635,3.9275036169532456,1.0
343,1.1968,3.8027,1.9718431167235446,4.43460835349713,0.0
344,2.9336,2.235,1.935758597585867,2.3006698989507077,1.0
345,3.7849,2.7761,3.269649534289187,1.9190603523845642,0.0
346,2.6451,3.2612,1.6488888584614703,3.174232411356298,1.0
347,1.2278,1.2033,0.9866268578678734,0.23281789531485075,1.0
348,3.9526,3.6172,4.08100313443135,2.6254779446497096,1.0
349,3.9809,3.1781,4.9770664700507075,3.0906222088372575,1.0
350,3.5678,1.9603,4.339800804800204,1.3246784479835205,1.0
351,2.3086,2.1878,2.5766371612346712,1.2243914261346545,0.0
352,3.868,3.6933,4.305322150614782,2.793995081420288,1.0
353,2.7238,2.0602,2.3746814833685517,2.997278577999229,0.0
354,2.5311,2.4925,3.514042037361024,2.3085843911231048,1.0
355,3.5716,2.3376,2.6518382779765974,2.730077228257316,1.0
356,1.246,3.6777,1.0616584780329634,2.6948377495910854,0.0
357,1.7364,2.6129,2.671120826042829,2.257517139746707,1.0
358,3.1118,2.7748,3.7598095536401392,3.53643220677116,0.0
359,1.2974,2.2334,2.2334683921155207,2.585218085496274,1.0
360,1.9232,2.5887,0.9779544149296946,2.915059899352074,1.0
361,3.2441,1.4718,2.7414270539938954,2.3362766679058167,1.0
362,1.7616,3.4572,0.8430732772160774,3.061841100350799,1.0
363,1.7852,1.0723,2.0350900964752974,0.1040257931331815,1.0
364,2.6709,2.4247,2.974601531658907,3.377467222183905,0.0
365,3.9383,2.3052,4.830507615313843,2.7568254766684275,1.0
366,1.0233,3.8295,0.32367686586855693,3.1149879495851054,1.0
367,2.6369,3.9676,3.396383974315151,4.618126012361122,1.0
368,1.7685,2.7591,1.052840946873119,3.457549797535611,0.0
369,3.0189,2.1444,3.4920275656636743,1.26340606891468,0.0
370,3.266,2.6632,3.8287462599027515,1.8365703084418845,0.0
371,2.7415,1.6609,3.272347070522249,2.50836763225385,1.0
372,3.6371,2.5772,2.6804399615642973,2.8684070927367658,1.0
373,1.2086,2.2784,1.532507217883897,3.224488851114267,0.0
374,3.5492,1.6872,4.538012393623222,1.836364507229817,1.0
375,1.1235,2.9279,1.9134957904774246,2.3147877337485827,0.0
376,1.6979,1.2421,2.0490057112175823,2.178435826266621,1.0
377,1.5145,2.3562,2.1929828056121266,1.6215837175173031,1.0
378,3.4885,2.2084,4.476281845859841,2.364242949759445,1.0
379,2.1333,2.1092,3.0676498596979687,1.7528429603860944,1.0
380,2.6776,1.1091,3.4271889664339543,0.4471963956885596,1.0
381,3.3551,2.4846,3.4593564564753394,3.4791504468267087,0.0
382,3.4976,2.7575,4.243119830189724,3.4239834452511806,1.0
383,3.8128,1.907,4.811352726129897,1.9607815315749948,1.0
384,3.6424,2.1918,2.7184232436243074,1.8093513711915628,1.0
385,1.6932,1.9175,2.6632928072444626,1.6747656898323642,1.0
386,2.9942,2.7046,1.9945504266312635,2.7310713139776435,1.0
387,2.9318,1.6112,2.1571021447596075,0.9788684152393335,0.0
388,3.5372,1.0996,4.060810084965249,1.9515580265028816,1.0
389,2.191,3.9181,3.1854843604811345,4.022984969173035,1.0
390,3.1417,3.2944,2.2264833782364684,2.8914377992320515,1.0
391,2.6985,2.5096,2.89350819186359,3.4904016135315503,0.0
392,2.1173,3.8667,2.100035536582122,2.8668490419553057,0.0
393,1.7208,3.7401,0.7287345797615989,3.8658227185802336,1.0
394,1.8631,2.8583,2.001698790888069,1.8679513870538487,1.0
395,3.8114,3.8418,3.030088880502496,3.217658241623302,0.0
396,3.433,1.3027,2.6888516110638387,0.6346856474268566,1.0
397,3.6282,2.2193,2.7509780579102836,1.7392149405403807,1.0
398,2.0252,3.9464,1.4179235198726348,4.740890576837836,1.0
399,1.7528,3.1899,0.8063977166440138,2.866909724513917,1.0
400,2.3358,2.981,1.9094553368023366,3.8855607929613525,1.0
401,3.991,2.292,4.874611493020887,1.8237791873470393,1.0
402,3.656,3.3559,3.805127212337627,2.3670819810802355,0.0
403,3.0712,2.5969,3.2143325120752504,1.6071964666189031,0.0
404,3.6023,1.1059,3.3655012224198724,2.0774587161549,0.0
405,3.0271,1.3945,3.6293777496553488,0.5962133896462445,0.0
406,1.8663,1.2504,1.5692426529310142,0.2955403597636268,0.0
407,3.255,1.5933,2.3776762026716405,2.0731989004377356,1.0
408,2.1885,3.2474,1.205109970576049,3.428904958691384,1.0
409,3.2708,2.7988,3.375613880808338,1.804308144633705,0.0
410,1.9021,1.3945,1.1178708403488735,0.7740287072290226,0.0
411,3.598,1.8051,3.9003183925871725,2.758307002441499,0.0
412,3.9609,3.9763,3.102440977806644,4.4891821572396795,0.0
413,1.1064,1.6542,0.11035401455430549,1.5653608482845804,1.0
414,2.9758,3.604,2.5978888871557464,4.529841882174715,0.0
415,1.5193,3.4065,1.328258698324027,2.4249180008506928,0.0
416,2.9787,1.8069,3.9768047072063517,1.8684385525709102,1.0
417,1.3524,2.5696,1.5399185413147716,3.5518610633956635,0.0
418,3.7284,1.0654,2.80542059947066,0.6805506447991627,1.0
419,3.2605,3.3944,2.8188697573139403,2.497202848452442,1.0
420,3.4203,1.8992,2.7559594968731824,2.6466300608787465,1.0
421,3.5788,1.7199,4.486525952597653,2.139463576804141,1.0
422,1.1293,2.6424,1.6884803583003998,3.4714460342411853,0.0
423,1.2696,2.4164,1.0977532404120658,1.4312763066400611,0.0
424,3.1925,2.83,2.239612953746078,3.1333253650479564,1.0
425,1.1092,3.245,1.3884437140000607,4.205220260248373,0.0
426,2.4571,2.9752,2.8800065875361303,2.0690267173335197,0.0
427,1.023,2.6693,1.9198248601285237,3.1116857708555434,0.0
428,1.0985,3.722,1.0008249385601475,4.717218359141712,0.0
429,2.963,2.6448,2.9545086376850493,1.6448360522668648,0.0
430,3.1688,1.4919,2.217844657667319,1.8012282025437278,1.0
431,1.5023,1.7633,1.9601653160770867,2.6523215702296707,0.0
432,3.4876,2.5692,2.523252784856961,2.833840224920297,1.0
433,1.4907,3.8426,1.20872793136456,2.8831773858671816,0.0
434,2.8591,1.7527,3.7105816464173667,2.277084406532432,1.0
435,1.4197,1.3829,1.1132574420760242,0.4310108474759202,0.0
436,3.9159,2.5192,3.134419921116775,3.1431301934581053,0.0
437,1.6199,3.2114,2.357043358543333,3.8871363901370524,1.0
438,3.9309,3.9101,4.731962700022848,4.508680446249377,1.0
439,3.2935,2.8185,3.6880438256130903,1.8996228756408244,0.0
440,3.398,1.2639,2.673982321378674,0.5741185845908966,1.0
441,1.5508,3.6473,2.1142978183509085,2.8211824486105104,1.0
442,3.5402,1.3755,4.144139061564815,0.5784695050274354,1.0
443,3.5828,2.1123,3.0155573432614577,1.2887492921645927,0.0
444,3.6522,1.5162,4.210642349375994,0.6866566663377853,1.0
445,3.7521,3.5435,2.985628378844947,2.901221825091382,1.0
446,2.6028,2.8683,2.68844425706441,3.864625780672108,0.0
447,2.993,2.6107,3.5353301297372495,3.4508654779739394,1.0
448,1.3564,1.116,0.8487228309953777,0.25445261762834426,1.0
449,2.4677,2.2285,3.2893704558328394,1.658537139796413,1.0
450,2.895,2.0549,3.732186678903532,2.6018172374925426,1.0
451,3.5361,3.8857,3.635402837126017,2.8906427420802743,0.0
452,3.1896,2.1535,2.4436996082711753,1.4874424907571526,1.0
453,3.3391,3.4337,2.676132044528181,2.6850522256644878,1.0
454,1.315,2.3594,2.278774286621499,2.0926808135000012,1.0
455,1.4037,2.3419,1.6180263623110334,3.3186621053350294,0.0
456,1.3555,1.7034,0.3811918446563376,1.478180954555726,1.0
457,3.5396,1.4509,2.6065300927280575,1.8105950766184162,1.0
458,2.998,3.6401,3.3998989129343014,2.7244159585412513,1.0
459,2.5529,2.6367,3.1691883290577274,3.424220600027221,1.0
460,2.5854,3.3986,2.588049147186518,2.3986035089965645,0.0
461,2.8067,3.219,1.8450838224144,3.493398117715227,1.0
462,1.624,2.7717,0.9014364769613963,2.080395468571165,1.0
463,3.7924,3.3131,4.694507443524882,3.7446114834358433,1.0
464,2.1999,3.8241,3.1997498405198126,3.8414290626551386,1.0
465,1.7794,2.9022,0.847727887070785,2.538899746779593,1.0
466,1.1254,1.2969,1.9121995484543985,1.914108611858223,0.0
467,1.5722,3.5631,1.3854033162959576,2.5807014052548873,0.0
468,1.4152,2.3896,0.6666270623865815,3.052652454239344,1.0
469,3.3144,2.6053,2.9517981184005446,1.673355862478585,1.0
470,2.8823,3.6989,3.868984654051009,3.5362550078845345,1.0
471,1.679,2.8174,0.6961872311364058,2.6327948501295935,1.0
472,3.9168,2.5008,2.9525655650470055,2.235749147424725,1.0
473,2.9232,2.6654,2.1351595926159663,2.0497764816626916,0.0
474,2.3658,3.5507,2.5799228113035717,2.5738932526443854,0.0
475,3.9724,1.486,3.641922680154756,2.429813933499556,0.0
476,2.5634,1.805,2.1489470812608378,0.8949292455261572,0.0
477,2.321,3.396,2.092275503073388,4.369491193851115,0.0
478,1.0999,2.5405,0.49964989383275626,3.3403123592732316,1.0
479,2.5853,3.8251,2.800929240323432,4.801575309835092,0.0
480,1.0981,2.5203,0.19641683935974796,2.0879026389791386,1.0
481,3.1756,3.7916,4.097086269852871,4.180010935058016,1.0
482,2.2771,1.8581,3.2040834604160273,2.233202204892383,1.0
483,2.1059,3.4478,1.1389777115679411,3.7028711432783217,1.0
484,3.0347,1.3585,3.4056101724560635,0.42983125175409653,0.0
485,3.0993,3.6855,2.103584751936519,3.7779724000655346,1.0
486,1.0082,3.254,1.6590210939378771,2.494768873342574,0.0
487,3.2284,3.7915,2.2679076047233724,4.069806231722839,1.0
488,1.0138,2.8131,2.0068026888578263,2.9311917436619823,1.0
489,1.6712,2.7437,1.8509340908969936,3.727415231441209,0.0
490,3.7291,3.1101,3.0018885282303414,3.7965134871392077,0.0
491,3.4268,2.0832,3.1234198831621365,1.1303303842038808,0.0
492,2.0251,1.3629,1.0260308268710912,1.4060368439216195,1.0
493,1.0959,2.2863,2.0926310087906685,2.367091683452793,1.0
494,3.6186,1.6885,2.7147895644164914,1.2605669485417739,1.0
495,3.7967,3.4574,3.3151015710886935,2.581007991096358,0.0
496,2.164,2.4586,1.4008355409249438,3.1048043085624517,1.0
497,1.8412,3.3183,0.9021838148137729,3.6621729474068947,1.0
498,3.1179,3.9869,2.4650774569456653,3.229389123985621,1.0
499,1.4424,1.0588,1.6281135726461273,2.041403922715054,0.0
500,3.6699,1.5007,2.669925999440198,1.49348902195092,1.0
501,3.502,1.5734,4.244025393643906,0.9030282261404449,1.0
502,2.8832,2.3828,3.7054915035079485,1.8137334983864917,1.0
503,3.945,3.5581,4.415206972631105,4.440656175486349,1.0
504,1.9619,1.6239,1.7974778257103143,2.610290059054658,0.0
505,3.8713,3.424,2.925157578140214,3.1002492972095688,1.0
506,3.79,3.794,4.2095729698836015,2.8862783890734702,1.0
507,1.7986,3.2,1.4720747237261849,2.2548115299294493,0.0
508,1.2689,2.0043,1.8737116484393532,1.2079314484410677,0.0
509,3.3436,1.2706,4.33660738355642,1.1525477395284953,1.0
510,2.3801,1.5847,3.0341468986983853,2.341154000123619,1.0
511,3.651,3.185,3.7930547835732145,4.174858797235226,0.0
512,3.9782,3.7333,3.410957343261458,2.9097492921645927,0.0
513,1.016,1.2742,1.8292187937794397,0.69224193154153,0.0
514,3.5614,1.68,3.7617891704840423,0.7002836224943886,0.0
515,1.0619,3.5371,1.737633329742731,2.7999538360170346,0.0
516,2.693,1.3873,2.304964055780522,2.30894424047118,0.0
517,2.5197,2.7975,2.2691304748652215,1.8294013928975354,0.0
518,1.5981,2.8493,1.224238011980117,3.776784346991269,0.0
519,1.3752,3.34,0.6539572079384365,2.647317652239325,1.0
520,3.4287,2.566,3.868115604708848,1.667716121519284,0.0
521,1.6346,2.1865,1.4535457554570754,1.2030268887595397,0.0
522,1.3831,1.3328,1.1337351157580984,2.3012096005859415,0.0
523,2.9962,1.7281,2.600136854105722,2.6463232759325632,0.0
524,1.6477,2.0794,1.4066044232296575,1.1088986229469966,0.0
525,1.3265,3.962,0.6197286834224263,3.2545579132796787,1.0
526,1.2557,1.0675,1.6755962010591001,0.15992786494067812,0.0
527,1.896,2.8424,1.0941182706048247,3.4398827964571055,0.0
528,3.5472,3.7753,4.071217592211228,4.627007439824936,1.0
529,2.9244,1.6527,3.576691518657725,0.8947318115598791,1.0
530,3.7399,2.672,3.5391624126027974,3.6516450484772283,0.0
531,3.8637,1.0234,2.911962047453091,1.3303118272107115,1.0
532,3.1593,3.761,3.0600809604756,4.756065617030282,0.0
533,2.8921,1.2109,3.074673141418271,0.22770772580707088,1.0
534,2.7433,3.4579,2.5660030322556118,2.47374260139516,0.0
535,1.74,3.5428,1.8767594888875296,4.533404281334995,0.0
536,2.8345,1.1207,3.791151651652559,1.4119346431838602,1.0
537,1.9586,3.8799,0.9781251578949549,4.076544562597309,1.0
538,2.7536,1.5694,2.4065849884165935,0.6315404253643467,0.0
539,1.9148,2.1363,2.902098763151842,1.9774253567152897,1.0
540,2.0548,3.6213,1.9557852778880789,2.6262140314499964,1.0
541,1.8897,1.3511,2.721616897004832,0.7961997598866515,1.0
542,3.7735,1.369,3.075288683739308,0.6531082778481708,0.0
543,1.3557,3.8561,2.337143333191994,3.664347597842978,1.0
544,2.7901,3.1631,2.7845312516483296,4.163084494400686,0.0
545,3.2739,3.3367,2.3589267396195446,2.933185523445862,1.0
546,3.173,3.2741,2.9685809831432812,4.252983479045046,1.0
547,3.33,2.1291,4.201565854523732,1.6388215472526688,1.0
548,1.2249,3.2546,2.1818616957445247,3.5448142534021447,1.0
549,3.0094,2.7508,2.0255295677567293,2.929682566387673,1.0
550,3.0683,1.1168,2.2412398192480674,0.5546866151615131,1.0
551,1.1006,1.086,0.12448690100330484,1.3032630156447895,1.0
552,3.4007,1.3107,2.6483543071439493,1.9694685165829868,1.0
553,1.454,2.7748,1.6931456151556044,1.8038162850223247,0.0
554,1.9862,2.4605,1.6779503053361133,1.5091945150270496,0.0
555,3.0574,3.9823,4.052903922852683,4.077020322977274,1.0
556,2.2161,3.2557,3.176885742015382,3.532991828116069,1.0
557,2.7693,3.2404,1.7693003392277982,3.2412236840906488,1.0
558,1.7739,3.9555,1.0077523949746867,3.312835353925567,0.0
559,1.532,1.0396,1.833576117523508,1.9930421038214368,0.0
560,1.6254,2.397,0.6600713652090168,2.1359624033734286,1.0
561,3.0249,1.8587,2.9687416259701727,2.857121873271177,1.0
562,2.074,1.3927,2.1488658970152272,2.3898936108219435,0.0
563,2.2432,2.774,2.9758417394356234,2.093385511734621,0.0
564,1.5026,1.5457,1.0836950412371058,2.453730085142479,0.0
565,1.9833,3.9303,1.0769260598727612,3.5078236330181003,0.0
566,3.4226,2.133,2.771619981251411,2.892094865738194,1.0
567,1.5935,2.1457,2.3776019140219344,1.5250679121837651,1.0
568,2.8848,1.5073,3.785470064127881,1.9418036657887692,1.0
569,2.8725,3.549,3.6748312146362636,4.145879068170679,1.0
570,3.363,1.4871,2.6386225698249546,0.7976963891500155,1.0
571,1.0891,1.8162,0.17254117057671148,1.4163001222728229,1.0
572,1.4772,1.2171,1.4649109343886715,0.21717551341793795,0.0
573,2.9851,2.1748,2.9862318772494194,3.174799359426741,0.0
574,3.9767,3.4323,3.3218046627921165,4.188019589069499,0.0
575,3.9878,3.7522,3.1854263231698514,4.349021985796492,0.0
576,3.3917,1.5235,4.331186648039625,1.866085519476918,1.0
577,2.4471,3.8855,1.837818255229634,4.678453816744442,1.0
578,2.7714,3.4705,3.608656410514828,2.9236895181584157,1.0
579,1.6252,1.1648,0.8936602432635086,0.4830012142032556,1.0
580,3.3444,1.7522,4.191458028645028,1.2206995803313048,1.0
581,2.4108,2.9635,1.9857503376532772,3.8686700307339703,1.0
582,1.0688,1.4374,1.767751259048515,2.152569306859918,0.0
583,1.9,2.795,2.065791451344649,1.808839163898183,1.0
584,1.828,3.7179,2.8094790325580075,3.9094695921825755,1.0
585,1.3933,1.5757,1.0432634484070749,2.512436042089197,0.0
586,3.624,1.6086,2.6256088602361447,1.6653021343604446,1.0
587,1.3799,3.5378,2.053015854664929,4.277337048563966,1.0
588,3.2479,1.8899,3.2858535819298873,2.8891795032515635,0.0
589,3.5932,2.8703,2.695578467139856,2.429532959778291,1.0
590,3.6703,3.3353,2.8886568396873704,2.711574122761862,1.0
591,3.9693,3.6256,3.4395369821282205,2.777454290292414,0.0
592,2.3172,2.7934,1.5715289121603622,3.4597142117350126,1.0
593,1.725,2.8125,2.695974760523582,2.5733180307251975,1.0
594,2.6692,1.6848,1.7301136501942684,2.0284812878359064,1.0
595,3.2247,3.0911,4.187625134279196,2.8213312364757717,1.0
596,2.0775,2.9455,1.1740048846059719,2.516901614026451,1.0
597,3.4094,2.2175,2.5430653103450487,1.7180360818833262,1.0
598,3.6173,1.1933,4.539768843681671,0.8072284620221255,1.0
599,1.3618,3.8992,0.4003347583066935,4.174126515664881,1.0
600,1.5724,1.916,2.5573864068721335,2.088631915580879,1.0
601,1.046,3.9812,2.045995596816327,3.9782324508499793,1.0
602,1.7793,2.4001,0.939461538173568,1.8572635991967632,1.0
603,2.5974,2.3695,1.5992777501940563,2.430753362702151,1.0
604,3.4674,1.6283,3.243412945899122,0.6537078803954907,0.0
605,1.8924,2.8319,2.6406636932283636,2.168498578991385,1.0
606,2.5109,3.4621,3.3142402069922534,2.866579629374743,1.0
607,2.4563,1.301,1.4843467108925492,1.5361739862170307,1.0
608,1.5362,3.0183,2.1117445542122466,3.8360704238456087,1.0
609,3.7534,3.9909,3.350041942375189,3.075857772914747,0.0
610,3.7544,1.5271,4.669963969253106,1.9292723737472488,1.0
611,2.6371,1.7216,2.223254222510865,0.8112529933841638,0.0
612,2.7952,1.7455,2.6602651718495864,0.7546455242307182,0.0
613,3.7824,3.3622,4.711750693719365,3.7313981691224045,1.0
614,3.6732,3.4791,2.9183464091330618,4.134993326963531,1.0
615,3.5327,1.407,3.3294314842357022,2.3861230313392587,0.0
616,2.3338,2.5174,1.5270025908777325,3.1082281819899893,1.0
617,1.8169,2.7249,2.80015456236222,2.9071373880241898,1.0
618,1.7713,3.2001,0.8378261238771603,2.8414546004809194,1.0
619,2.0189,3.5958,2.787716121944533,2.956330086213457,0.0
620,2.2959,1.3947,3.030905409152808,0.7166387575475844,1.0
621,3.3646,3.1481,4.3615209638883545,3.0696870434181127,1.0
622,2.0237,3.4167,1.3383652965043087,2.688471777404588,1.0
623,1.8364,1.5795,2.148965790102891,2.529396113718419,1.0
624,2.3795,1.4362,2.8278530993860023,0.5423434688547798,0.0
625,2.3682,1.087,2.2454704851422873,0.0945598425180536,0.0
626,3.911,1.1238,4.884986022924765,1.3504080915307286,1.0
627,2.7548,2.0153,2.785836078427417,1.0157817351164375,0.0
628,1.2934,3.2951,1.975904215805727,2.564218343774172,0.0
629,1.9317,1.441,1.2564597812007736,0.7034021102823214,0.0
630,1.9422,1.5588,2.8634273520089497,1.9478246340665053,1.0
631,1.559,3.7442,1.8740052540854535,2.7951100728073452,0.0
632,1.7677,1.4345,2.7676412472603307,1.4453398352134148,1.0
633,3.4804,2.5704,2.712084148974135,3.2104708969031486,1.0
634,1.5806,3.036,2.4288513651040877,2.506406172997597,1.0
635,1.2128,1.1119,1.907786413340256,0.3928771316067572,0.0
636,1.1742,1.348,0.2201127327245631,1.647528773948162,1.0
637,2.2956,1.8358,2.6767622628321606,2.7603081553954336,0.0
638,2.0357,1.5364,1.4196303309620313,0.7487083325999646,1.0
639,2.573,1.0389,3.2070681609492837,0.26562283929344355,1.0
640,1.5285,1.8551,2.52027409929073,1.9831005311553862,1.0
641,3.1167,3.621,3.9218111742002586,3.0278760692925295,0.0
642,2.3987,1.6131,1.5976012781702,1.014567763706364,1.0
643,2.3007,3.014,1.3164920071358086,3.191015894151457,1.0
644,1.9611,2.6477,2.2493024036378326,3.605269514206345,1.0
645,2.8542,3.4447,2.442334130991222,4.355944481983647,0.0
646,2.7785,2.4526,2.0410978803019972,3.128054005736062,0.0
647,3.1164,1.2085,2.8850316848099244,0.23563376935669822,1.0
648,2.9093,2.1731,2.428479176049114,3.049918872547341,0.0
649,1.025,3.5427,0.7798224174465543,4.512178185939863,1.0
650,3.5302,2.8516,3.3556108442144783,1.8669586304231887,0.0
651,3.8184,3.7,3.166330863218473,2.9418404911517673,0.0
652,1.0167,1.2245,0.018801614487504614,1.1597017578050508,1.0
653,1.5742,2.6363,2.565496414676636,2.7679488444660514,1.0
654,2.091,3.1423,1.4317253846602502,3.894202242029258,1.0
655,3.0208,2.8218,3.3275939646946036,3.773575952221407,0.0
656,3.9406,1.4234,3.0297956084195414,1.8362381768656466,0.0
657,2.7849,1.9272,3.5217346460734382,1.251126997768857,1.0
658,1.9298,3.2016,2.7200344819818487,3.8144045883369992,1.0
659,1.7169,2.7031,2.398857389738809,1.9717080950812824,1.0
660,1.6934,3.2684,0.6941565602563722,3.2295085082656514,1.0
661,3.0095,1.7222,3.192880243696239,0.7391579428010681,0.0
662,1.0813,1.7941,0.12198011118047747,2.0764213610680193,1.0
663,1.7228,1.1342,1.1846267174980376,0.2913657826113948,0.0
664,2.27,3.9865,2.2903452982600045,4.986293012997546,0.0
665,3.8904,2.8732,4.206136448088775,3.8220469293559867,1.0
666,2.3877,3.1755,3.385009514170548,3.248805749739745,1.0
667,2.768,2.8584,1.9649478995309229,3.454308821827806,1.0
668,1.4667,3.3629,0.9766870322061317,4.234615143492325,1.0
669,3.7941,2.7488,4.509888803272912,3.4471168257382407,1.0
670,3.3463,2.9082,2.596922861999108,3.570343417275738,1.0
671,3.8773,2.9425,3.0629523724292294,2.3621225870436913,0.0
672,3.0105,3.0902,3.4576633971841475,3.984652288397057,0.0
673,2.0249,2.6683,2.6909375530903303,1.9223817887506394,0.0
674,2.9642,1.342,3.9616254282678045,1.4137113313555578,1.0
675,1.3493,3.9631,1.400037944090537,4.961812001044077,0.0
676,3.3181,2.0011,2.570040573475905,1.337468253932618,1.0
677,3.351,2.4368,2.390414970636399,2.7147863330499,1.0
678,2.5948,2.4525,2.8639178097219666,3.4156072653087257,0.0
679,2.985,1.4963,3.923271038874825,1.8422009361200926,1.0
680,1.7616,3.873,1.8382710445940322,4.870056443197104,0.0
681,3.4505,2.8349,3.0078372474971107,1.9382118225678642,0.0
682,2.9575,3.335,2.181461041660537,3.9656849729773187,0.0
683,1.4794,1.382,0.9657537277385353,2.24000204369914,1.0
684,1.8271,2.4841,2.7935449473934337,2.227226171715172,1.0
685,1.008,3.4374,1.9947618075996636,3.5995762469125627,0.0
686,3.0661,3.5518,3.6119139160522025,4.389706420218726,0.0
687,3.3093,1.8479,4.168369797716612,1.336041540412646,1.0
688,1.4385,3.9974,1.0198462845179357,3.08925404999358,0.0
689,1.0197,1.965,1.2642622060522286,0.9953663952962092,0.0
690,1.4744,3.3083,1.1527100954115315,4.25514507987625,0.0
691,2.4573,2.6419,3.0114162118228425,1.8094606786106855,1.0
692,2.7571,1.829,3.6844733610931675,1.4548627937042864,1.0
693,1.8736,1.7772,2.100250593080551,2.7511761335146945,1.0
694,2.1504,2.2384,1.9955944898753857,1.2504550349158825,1.0
695,2.1206,2.8633,1.6006864760499568,3.717518899120037,1.0
696,1.9362,3.8053,1.9707948818435788,4.804701417924864,0.0
697,2.1515,3.1036,1.293384399812013,2.590143461708773,1.0
698,3.3729,2.3865,2.4130946162050892,2.6671663949216295,1.0
699,2.3671,1.8875,2.510987503661599,2.8770940512604315,0.0
700,1.5574,2.6675,1.5930846940114554,3.6668630984848845,0.0
701,3.7735,3.8622,2.8236969187527707,3.5493516232209763,1.0
702,2.5639,2.9069,3.2987461771307647,2.2286661937382504,1.0
703,3.9061,3.3433,4.667322706237475,2.694809451488694,1.0
704,3.208,1.7245,3.4542948142145615,0.7553050430945202,0.0
705,2.3574,2.8342,1.6136980028407772,2.165688714065811,1.0
706,1.7839,3.8645,1.0867547013752374,3.147570134109765,0.0
707,3.7739,2.4145,3.8714353507408745,3.409732061057045,0.0
708,2.757,2.4825,1.7605831394769043,2.3979219882871585,1.0
709,1.464,3.4757,2.458771172442777,3.5778289110723436,1.0
710,2.5142,3.3672,3.467705461213845,3.6685757379673642,1.0
711,2.8799,2.6906,2.471073035079838,1.7779880820665506,0.0
712,2.6517,3.8955,3.6516799783352516,3.901827948216427,1.0
713,2.1781,1.0827,1.422679203646371,1.737939971641267,1.0
714,1.6465,1.1727,2.6120155522357136,0.9123546171122571,1.0
715,2.3855,2.7354,1.711522010489419,3.474151426161246,1.0
716,3.3118,3.0313,3.478233980898124,2.0452473999819265,0.0
717,1.927,1.783,2.076504988121222,0.7942390286187093,1.0
718,2.7368,2.2731,1.7498667540656188,2.434229662289182,1.0
719,2.9461,1.753,3.7836996568160948,2.2992845548810257,1.0
720,2.0685,2.477,1.1023766880633201,2.2189191093232568,1.0
721,3.0647,2.5111,4.062554722394131,2.576567190223299,1.0
722,2.2388,3.7165,3.1893959679093915,4.026930838987377,1.0
723,1.0494,3.0413,0.04956650203545965,3.023052360481658,1.0
724,2.5825,1.5087,2.58167903768733,2.5086996630103835,0.0
725,3.8649,3.3162,2.868939255766306,3.4059897318487264,1.0
726,3.0745,1.0246,2.5527521012802175,0.1715002812205998,1.0
727,1.5215,3.2228,2.303815609391949,2.5999177580780586,1.0
728,2.1543,3.0133,2.060535655266029,4.008894419257465,0.0
729,1.5239,3.7688,1.4448084381476696,2.771932644308302,0.0
730,1.1541,2.9608,0.481793971163468,3.70107333032472,1.0
731,1.945,1.7191,1.7220176559346345,0.7442775165523137,0.0
732,2.0309,2.1251,2.893107684581656,2.631654941391691,0.0
733,3.1879,2.868,4.18670703635749,2.916831384608339,1.0
734,2.171,3.5048,2.2903730485854554,2.5119505273852365,0.0
735,3.5706,3.808,4.004167864157111,2.9068790829360127,1.0
736,2.6481,1.6178,3.3897243291016093,2.2886154399569136,1.0
737,1.8307,1.1079,2.050106583052909,2.0835335128074717,1.0
738,3.893,3.4208,3.936491815192387,4.4198537833426546,0.0
739,2.2154,1.891,2.3914791703060208,2.875376008334388,0.0
740,1.9266,3.0388,2.8077303684001813,3.5116734226861994,1.0
741,3.082,3.3479,4.022367523461102,3.68806013996298,1.0
742,1.4145,2.8652,2.268040961498691,2.3441742549125903,1.0
743,1.9884,1.3424,2.534561492315246,2.18007990563937,1.0
744,3.6003,1.7811,3.4004385043550993,2.7609241589992477,0.0
745,1.6502,2.7459,2.6475362519426273,2.818841075951978,1.0
746,2.7969,1.6219,2.161503153712125,2.3940857598579646,0.0
747,3.4921,1.4127,3.7713403176843876,0.45247875206829424,0.0
748,3.6406,3.1515,2.6438620371228865,3.0707941553567384,1.0
749,3.4138,3.6113,2.900799091523676,2.752911936300099,1.0
750,3.8344,3.6089,4.832819781234874,3.6650955553305353,1.0
751,3.054,2.1967,2.3024399998968867,1.5370352622392125,1.0
752,2.1836,2.3478,2.0953002877180493,1.351706048200811,0.0
753,2.7001,3.0986,2.8437031285943415,2.1089646421747466,0.0
754,3.0361,3.3367,3.921948936640699,3.800673772375705,0.0
755,2.0863,1.4969,1.3394099763942187,0.8319524136158131,1.0
756,3.8247,3.0924,3.944041143157796,4.0852533081728595,0.0
757,1.1191,2.6487,0.1502904313751443,2.400893584140924,1.0
758,2.5039,3.948,2.5818847629648247,4.944954550992833,0.0
759,2.4897,2.9062,2.46988792117304,3.9060037215036534,0.0
760,3.9023,2.0782,2.9542647778549096,2.3963653934234665,1.0
761,1.0597,2.1027,1.93507205925236,2.586149850429476,0.0
762,3.2141,3.0049,3.254020381791484,4.004102863845787,0.0
763,3.5165,1.0251,3.7850786755395776,0.06184224890457968,0.0
764,2.2368,2.46,2.9685703564145456,3.1415512786818973,0.0
765,1.2212,1.1754,2.089650605354224,0.6796242986391101,1.0
766,2.0329,2.8029,1.208481989659724,2.2369186008121997,1.0
767,1.7697,2.2999,2.7094413998577442,1.9580139058203643,1.0
768,1.5236,3.6628,1.3179488166266649,4.641425357722324,0.0
769,1.2258,3.7157,1.983766723950858,4.367993220402607,0.0
770,3.6462,2.0926,3.8169002190089554,1.1072769893936838,0.0
771,1.4692,3.493,2.0888699681802345,4.277862491482111,1.0
772,3.6122,1.4631,3.3736792422748865,2.434237399204787,0.0
773,1.9386,1.3078,1.313936954199289,0.5269055902293971,0.0
774,1.9985,2.5895,1.7770206146896286,3.564665053661451,0.0
775,3.4122,2.5583,2.4191925927664397,2.44024793869109,1.0
776,2.5241,1.5852,2.3258212123298327,2.565345663848006,0.0
777,3.272,2.0462,4.215913851014322,2.376391825857806,1.0
778,1.0319,2.6344,1.9583855272496011,3.0107303971207067,0.0
779,1.8453,1.7616,1.2553109638373146,0.9541887434474142,0.0
780,1.9519,2.6403,2.7402163960492567,2.0250299294456857,1.0
781,3.1451,1.9881,3.2634457885069166,0.9951275561010385,0.0
782,2.401,2.9747,1.401032014025473,2.9827016889497666,1.0
783,1.6487,1.5548,0.7130997713216322,1.9078612016308019,1.0
784,1.444,2.0048,1.9265065510788513,1.1289076389384411,0.0
785,3.6207,1.2581,4.58331465366627,1.52897456238445,1.0
786,1.956,3.5561,2.0776486195900548,4.548673228206279,1.0
787,1.8662,2.0364,1.8565774838532747,3.036353702519775,0.0
788,1.6305,1.1473,0.9829776164797054,0.3852535691047452,1.0
789,2.3354,1.9941,3.3285953590266897,2.110560202678189,1.0
790,1.957,3.1686,2.9464719268316215,3.0238750677591506,1.0
791,2.8784,3.9457,3.0099614466892746,4.937008017593435,1.0
792,2.0612,1.0085,1.647154980356373,1.918756404376431,1.0
793,1.878,3.7661,2.871353266295982,3.8812055530333067,1.0
794,2.662,2.82,2.171320492275235,1.9486598708317269,0.0
795,1.2885,1.5355,0.36375179250600276,1.154920504051205,1.0
796,1.431,2.4547,0.860336495577979,1.6335159982557026,1.0
797,1.5881,3.8048,1.0851470030672192,2.9404862358631942,0.0
798,2.9268,3.4117,2.458851111497796,2.5279444694659325,0.0
799,1.3756,2.8874,0.38179480005856625,2.998536063315951,1.0
800,3.4914,3.4364,2.69208175567965,4.037307933294804,1.0
801,3.0283,1.1417,2.131510288984948,0.6992429803726254,1.0
802,1.9568,3.6887,2.9501442281558683,3.5735164751823323,1.0
803,1.9789,3.3842,2.4772018177003647,4.251203632331787,1.0
804,1.5256,3.927,0.5931064749889532,3.565813308921173,1.0
805,2.8705,1.4555,3.7862977450425426,1.0538602482634545,1.0
806,3.0296,2.729,3.6050535277128737,1.9111655195317279,0.0
807,1.7625,3.6878,0.8095610957870676,3.384637593297824,1.0
808,1.6607,3.5237,2.2740632375157004,2.73389905111208,1.0
809,1.6631,2.3975,2.502962741104734,2.9402988357615025,1.0
810,1.8106,3.5061,0.8866475377060714,3.1235926831798033,1.0
811,3.4788,2.9807,4.187392756227304,3.686317676806777,1.0
812,2.708,3.0022,1.8107056379122168,3.4436326990215815,1.0
813,3.736,3.7442,2.738510001489961,3.6733924942365426,1.0
814,1.5597,3.62,1.1648827622453735,2.7012403204472855,0.0
815,3.8009,1.2364,3.3897472423972235,2.1479664594069003,0.0
816,2.001,1.9515,1.2211809169883105,1.3254950497234002,1.0
817,2.9327,1.284,2.311031800277172,2.0672806964641586,0.0
818,3.0915,3.9282,3.851298190654963,4.578358987846392,0.0
819,3.3895,3.2354,3.966934330567831,4.051837134065863,0.0
820,2.0152,1.6215,2.6386243245759697,0.8396163056266,0.0
821,1.3097,1.3635,0.66784067054922,0.5966775947476528,1.0
822,1.6155,1.7691,2.221572976487837,2.5645090439334806,1.0
823,1.7695,2.7256,2.2196683196738047,1.8326562817500405,1.0
824,2.4197,2.4548,2.809030228921097,1.5337017572222569,0.0
825,1.7893,1.9532,2.4888505554308433,2.6677831095095925,1.0
826,1.7092,1.8756,2.492482263819002,1.2539337750958484,1.0
827,2.2653,2.6031,2.6274036532058793,3.535237835480867,0.0
828,1.8367,1.5532,0.8669823561253993,1.3089712319191427,1.0
829,1.3057,1.8073,0.46886907747662365,1.2598385793421834,1.0
830,2.0814,3.6372,3.0383302174237903,3.3468819692453513,1.0
831,2.5461,3.2142,2.0106028832066105,4.058737055377659,0.0
832,3.7707,2.9332,2.920648589810236,2.4065002752664535,1.0
833,1.5892,2.6259,1.628410604625762,3.6251309685377464,0.0
834,2.7992,1.3331,2.1360473581132373,2.0815841839067857,0.0
835,1.7633,3.2327,0.7671461298950778,3.3203211565490065,1.0
836,2.9959,1.2864,2.0122366539036185,1.4664178367453378,0.0
837,2.615,3.9692,1.8935469670651677,4.661663371788812,1.0
838,2.3703,2.938,1.9657876886488572,2.023467447290499,1.0
839,3.2272,1.1438,3.9004609924229303,1.8832049202444425,0.0
840,1.8847,2.3779,1.6242740957037898,3.3433938365269356,0.0
841,2.6999,1.0367,3.612539580871585,0.6279347918100938,1.0
842,3.4143,2.8754,4.318704897323057,3.302075264924123,1.0
843,1.0879,2.2966,0.11525406461625454,2.528892669667983,1.0
844,1.036,2.2645,1.7708043890359246,1.586220920377503,0.0
845,1.1384,3.6996,1.423623258146505,4.658061106676892,0.0
846,2.8183,3.9211,2.885420308446579,4.918844889334962,0.0
847,3.9504,3.972,4.79177991651233,3.4315558899481786,1.0
848,2.6491,1.8432,3.640745900506947,1.7142100468727695,1.0
849,1.6672,1.1211,0.672086076685613,1.2198333764531957,1.0
850,2.9714,1.4165,2.061543268171737,1.8314225560834125,0.0
851,2.331,2.1743,3.207091381269621,2.656445093996701,1.0
852,3.2414,3.303,3.636531519545131,4.2216245600145665,0.0
853,1.6338,2.079,2.306207268599242,2.819181373134252,1.0
854,2.1966,2.1583,2.9497741149562593,1.5004787837414675,0.0
855,1.307,3.4101,2.2972049748980563,3.270478699020744,1.0
856,1.3099,3.8525,2.1327856176488975,4.420707057564927,1.0
857,2.2303,2.2579,1.6832918602848226,1.4207727127339946,1.0
858,1.8985,1.2364,1.1578788266220406,0.5644771788782178,0.0
859,2.987,3.2864,1.9876589708271628,3.250102515076459,1.0
860,3.7082,3.5252,2.9375817070841803,2.8879030153660636,1.0
861,1.7661,1.1898,0.7887569521314327,0.9781385562201292,1.0
862,3.374,2.2823,2.4492501599348704,2.6628755290340105,1.0
863,1.0011,1.6834,0.1721321284372137,1.1241037744480447,1.0
864,1.6122,1.6485,1.7819343898217086,2.6339898461738978,0.0
865,3.1147,2.0202,2.14567603530153,2.2671667099834676,1.0
866,3.8941,2.3983,4.709915154462714,1.8199872526487262,1.0
867,2.8918,1.3122,3.535071464376041,0.546561819708876,1.0
868,1.5407,3.1745,0.594744881982593,3.498797571216119,1.0
869,2.3632,2.1282,3.1706534283024466,1.5382686810122508,1.0
870,2.025,1.7623,2.768405006838578,2.431141532657276,0.0
871,1.8341,2.1778,2.3806862828322304,3.0152027916239863,1.0
872,3.2181,1.6023,3.2993375579450306,0.6056052326920103,0.0
873,3.2174,3.245,4.215152728065141,3.3120036837686397,1.0
874,2.3109,3.0058,2.763837829062148,2.114257896112321,0.0
875,3.0687,2.9194,3.8626915521536755,2.311471208850414,0.0
876,3.9718,2.1901,4.1852651459386205,3.1670506801622094,1.0
877,3.4034,2.8403,3.3130699517026687,1.8443881151554613,0.0
878,3.3828,3.3597,3.9273401883565926,2.520965248565098,0.0
879,2.6617,2.5775,1.6652647317624623,2.6618608689641476,1.0
880,1.183,3.0396,0.3984291029966077,3.6596391177783,1.0
881,2.561,3.7852,2.584287779255806,4.784928802894732,0.0
882,2.7955,2.5425,3.5692346997439084,1.908990241265216,1.0
883,3.8962,1.9081,2.8962396920949978,1.8991903078317547,1.0
884,1.1171,1.523,0.8717529333175834,0.5535646917558996,1.0
885,1.7303,2.9811,2.4063568007169396,2.244250488766956,1.0
886,3.5875,2.6938,2.953378145923006,1.9205668694488347,1.0
887,3.6526,1.2475,4.540048149073718,1.7084075641662135,1.0
888,3.8057,3.2091,4.805502581463665,3.228969526883916,1.0
889,3.7721,1.6081,4.676876769088322,1.1822138671920661,1.0
890,2.1326,1.5929,1.15449249125973,1.8010002194758634,1.0
891,2.7389,2.377,2.7531286649642293,3.3768987674226505,0.0
892,2.6553,2.5467,3.570501670400669,2.9496961569243876,1.0
893,1.7221,1.8406,0.852778222400896,2.3348465447445577,1.0
894,1.1786,3.8585,0.8145005744369285,2.927139914799522,1.0
895,1.9237,2.8625,1.4335010578799308,1.9908894234554257,0.0
896,2.7095,2.7125,3.54268985851588,3.2654870339043107,1.0
897,1.4046,2.7571,2.356552303510412,2.4508536745669915,1.0
898,2.9994,3.248,2.1205304498931956,2.7709378301572603,0.0
899,2.2584,1.899,1.264569736602257,1.7880882893704506,1.0
900,3.276,1.4544,2.9991259014694687,2.415306204352384,1.0
901,3.3868,1.2086,3.656207408886777,0.24557370335129836,0.0
902,2.0642,3.7439,3.062345823658539,3.804768010588627,1.0
903,3.9608,3.5918,4.371025267893168,4.5037842266081025,1.0
904,2.6291,2.1053,3.1128579236749863,1.230098153977229,1.0
905,3.5126,2.6332,3.472642269890765,3.6324013709981173,0.0
906,2.2075,3.9089,2.3786743845615583,2.9236592527356717,0.0
907,2.9361,2.4221,2.3808838264759995,3.2538060782856926,0.0
908,1.2824,3.8088,0.7648277924513736,2.953160467268347,1.0
909,1.7051,1.7826,2.0832143742264977,2.708358888697972,1.0
910,1.7584,3.8272,2.304563089387963,4.664878864356858,1.0
911,2.9181,3.8024,3.347983115273607,4.705284548102723,1.0
912,3.676,1.4807,4.615172492848611,1.1372541837836345,1.0
913,1.5428,1.4545,1.831783872009407,2.4118339656141163,0.0
914,2.2725,1.7322,3.1146385251152484,1.192938741873001,1.0
915,1.932,3.7612,2.358293424453527,4.665784941433189,1.0
916,1.3794,1.5879,2.318640538140178,1.244640314755507,1.0
917,1.6255,1.9122,2.2705964624719996,1.1480988587195329,1.0
918,3.002,2.7916,3.700022095798757,3.5076762206474323,0.0
919,3.3516,3.2446,4.300753492930862,3.5594136700607906,1.0
920,1.9341,3.0984,1.6216745424969055,2.1484577209619617,0.0
921,2.7567,1.5896,2.8698967928363763,0.5960274127716895,0.0
922,3.8483,3.4576,4.848177113355793,3.4732766765383247,1.0
923,2.3155,1.2761,2.1190761802670948,2.2566190885656106,0.0
924,1.3351,1.862,0.44769066870918295,1.401017702359424,1.0
925,2.8153,1.8807,2.9618290515999752,2.869906367264795,0.0
926,1.3007,3.8679,0.3009307611666776,3.8464181685455054,1.0
927,3.5351,1.2212,3.666174244039923,0.22982744513005482,0.0
928,3.5913,1.5641,3.662059699320161,0.5666066090684508,0.0
929,2.1577,1.764,2.2710918015490247,0.7704496493174255,0.0
930,1.3719,1.6321,1.076254248062964,2.5873976443818885,0.0
931,1.8121,3.44,2.165776671946994,2.5046322585632437,1.0
932,2.6544,3.6826,2.934448589409321,4.642585826754671,0.0
933,2.3019,3.4813,3.150102471347312,2.951627867827358,1.0
934,2.9427,1.9881,3.9228701160894155,2.1862578752542055,1.0
935,3.1164,3.1059,4.015403380187504,2.6679583116310543,1.0
936,1.6363,1.8068,2.6258008244862863,1.9513272235288543,1.0
937,2.9725,1.1041,3.6533871212481666,1.8364883724625787,1.0
938,3.8921,3.0807,2.8975184602342896,3.1846594188001647,1.0
939,3.5491,2.3385,2.8401217491605295,3.043730345232396,1.0
940,3.6714,3.0866,2.9629920673123182,3.7924032310107147,1.0
941,3.6382,1.8859,3.19191069317412,2.7807887386780967,0.0
942,2.2093,1.4604,1.2937136348409788,1.8625213845779554,1.0
943,1.8266,2.9855,1.9077415460096314,1.9887974117063973,0.0
944,2.1306,2.4101,1.4447293080609442,1.6823765676858817,1.0
945,1.522,2.8604,0.8568034527561527,2.1137316977835043,1.0
946,3.6299,1.9115,4.61439977238315,1.736114144876142,1.0
947,1.0881,2.7257,1.5469793323996308,1.8372014021978034,0.0
948,2.9141,2.2585,3.374811498377172,3.146049950855196,1.0
949,1.535,3.268,1.0764840583641238,2.3793138173315813,0.0
950,2.7267,1.7033,3.618875607415515,1.2516112957658148,1.0
951,2.3928,1.7135,1.7613697552797,2.488932683121148,1.0
952,1.5381,2.9997,1.149373977196561,3.921053395389315,0.0
953,1.9207,1.06,2.724581882780867,1.6547889697503548,1.0
954,1.7306,1.9542,2.001663359003043,0.9916384926634624,1.0
955,1.804,3.4211,2.056858037533249,2.4535966083497,1.0
956,1.0039,2.4117,1.8267708787125077,2.9799284021121313,0.0
957,2.9669,1.0905,2.001857596261652,0.828406201929708,0.0
958,3.8765,3.4373,4.779947199798271,3.008600621441244,1.0
959,1.9418,3.5269,2.573857768464608,4.301821271693802,1.0
960,3.0633,2.6554,3.108314944323686,3.654386313613723,0.0
961,1.2461,3.1579,0.6293157080548848,2.3707677765395685,1.0
962,2.2564,2.844,3.0348573158689462,2.2163024555009665,1.0
963,2.5446,3.0175,3.5313577552182887,3.1797009017131654,1.0
964,2.2467,1.1618,2.6296957557487937,0.23804989792779419,0.0
965,3.9648,2.156,4.461078578323294,3.024163332960688,1.0
966,1.9424,2.8274,2.9417298350179486,2.7907956171613324,1.0
967,3.4426,2.237,2.5095385658598417,1.8772829443572194,1.0
968,1.667,2.9661,1.7203647385653158,3.9646750871506136,0.0
969,2.6635,1.9449,2.7521916665176627,0.9488408710873035,0.0
970,3.0007,1.4042,2.0347003848494944,1.6627435041324277,1.0
971,1.188,3.5285,0.1894854688947052,3.5829860640124926,1.0
972,3.4866,2.6061,2.7026388044086596,3.226909829019319,1.0
973,3.3729,2.8126,4.126823660388197,3.4695620341441833,1.0
974,2.4524,2.8903,1.5905421014280519,3.3974498424224793,1.0
975,2.6824,2.0919,1.8823467270546623,2.691828962835978,1.0
976,2.0883,3.0118,1.995819194700342,2.016085532569137,1.0
977,2.1473,1.1414,2.0144329294923082,0.1502661333731431,0.0
978,3.6811,2.3539,2.6933464553924678,2.1978777736498536,1.0
979,3.8331,3.953,4.815303135265586,4.140821726843439,1.0
980,3.8892,3.2163,4.173572016027005,2.2575859881587537,1.0
981,3.561,2.8593,4.49616393579821,3.213515207440902,1.0
982,2.1646,2.9108,2.067316088276662,1.9155433293266477,0.0
983,3.9356,2.827,4.300050350958464,3.7582228206429718,1.0
984,2.9615,3.4409,3.1217875916943703,2.453829643870905,1.0
985,2.2369,2.9672,1.384859711377345,3.4906762139427383,1.0
986,1.3362,3.9534,1.1942219710932227,2.9635301907282217,0.0
987,3.4172,2.3022,3.1191122246509284,3.2567384634405476,0.0
988,1.6196,1.4243,1.096372187467301,2.276492851526136,0.0
989,3.389,3.5588,3.308634053331713,4.555565426073813,0.0
990,2.2259,1.5294,2.268915302673985,0.53032558648724,0.0
991,2.5287,3.0045,2.624224614553734,3.999927068154348,0.0
992,3.821,1.5684,3.060853442249283,2.21815165312582,0.0
993,3.0134,1.0078,2.4756532252182604,1.850906402663292,1.0
994,1.3289,1.327,0.6427803962207366,2.0544887554524722,1.0
995,3.6123,3.5033,3.291086753738963,4.450306890379603,0.0
996,2.397,2.7958,1.7949780904500932,1.9973204320573479,1.0
997,3.3343,2.9048,2.4157900195377633,2.5094022056317686,1.0
998,2.7648,1.686,3.0343315809288707,0.723008449215683,1.0
999,3.3578,1.9886,4.142563343178223,1.3688044730689495,1.0
